max_time,mean_time,positive_score,negative_score,subjective_score,negative,positive,anger,anticipation,disgust,fear,joy,sadness,surprise,trust,ttr,cttr,diversity,herdan,summer,dugast,maas,utterances,WC,unique,word_per_utter,label
190.0,10.0,0.484375,0.13764880952380953,0.14093959731543623,1,10,0,8,0,0,8,2,5,5,0.44477611940298506,5.756372199182605,49.3884488392154,0.8606525564837485,0.9147502490922541,41.723984201740926,0.023967030453392685,20,358,47,17.9,2
178.0,22.25,0.20833333333333334,0.2916666666666667,0.1574074074074074,2,5,0,7,1,1,3,1,1,3,0.5882352941176471,5.423261445466404,51.989830034831385,0.8966804757690343,0.933349626840931,49.70791798817655,0.020117519310260762,9,182,41,20.22222222222222,2
42.0,8.4,0.2592905405405405,0.15962837837837837,0.11077844311377245,11,6,2,7,1,1,4,5,3,4,0.4421052631578947,6.094000500924098,56.348592137820546,0.8625953295633737,0.9170418926958174,43.231217933455554,0.023131432511091135,6,384,45,64.0,2
213.0,8.875,0.38950892857142855,0.0859375,0.20588235294117646,1,23,2,12,1,1,13,0,6,12,0.41228070175438597,5.391269745958201,39.509987898087225,0.8481440295815837,0.9066215526460538,38.42332126281018,0.026025860522575314,25,344,53,13.76,2
180.0,13.846153846153847,0.3306818181818182,0.14659090909090908,0.17295597484276728,5,18,1,17,0,2,11,4,5,14,0.45027624309392267,6.057847291914405,45.213894974575354,0.8645719289332734,0.9179487491282927,43.50386271781798,0.022986464592497615,14,362,44,25.857142857142858,2
146.0,18.25,0.37777777777777777,0.19722222222222222,0.16875,1,11,0,6,0,1,6,1,0,8,0.4900398406374502,5.489758664932657,69.7090543969004,0.870912196408745,0.9191430169109258,42.803834176524035,0.023362393094879683,9,252,44,28.0,2
207.0,12.9375,0.4187219730941704,0.13789237668161436,0.2064814814814815,1,20,1,10,0,0,15,3,2,12,0.47619047619047616,5.976143046671969,81.63420695664227,0.8710251236600045,0.9210786835869801,44.60227295478122,0.0224203820512426,17,316,45,18.58823529411765,2
120.0,12.0,0.3263888888888889,0.17083333333333334,0.11363636363636363,1,8,0,12,0,3,6,0,3,7,0.470873786407767,4.778846999096822,23.404160084254872,0.858636881484183,0.9088981000323806,37.6892942425676,0.026532733501561972,11,229,49,20.818181818181817,2
168.0,5.090909090909091,0.3626609442060086,0.11856223175965665,0.16180555555555556,2,22,1,10,0,1,14,0,4,6,0.38271604938271603,5.446144859178875,46.667345276872965,0.8400266461623889,0.9027443789759431,37.53054445055318,0.026644963845848513,34,405,47,11.911764705882353,2
181.0,7.24,0.33315217391304347,0.16902173913043478,0.16242937853107345,5,23,1,14,1,4,14,9,8,12,0.4126984126984127,5.673665146135802,59.804684618222055,0.8508754900764233,0.909318840033123,39.79824777738484,0.025126734362617975,26,396,47,15.23076923076923,2
177.0,9.833333333333334,0.398876404494382,0.17275280898876405,0.1523972602739726,2,4,1,4,0,2,1,3,1,1,0.5,5.07444578254611,53.024671052631575,0.869901784763624,0.9166892372383988,40.95272298016802,0.024418400712554945,19,209,48,11.0,2
177.0,9.833333333333334,0.3473360655737705,0.2551229508196721,0.2147887323943662,3,5,0,5,3,0,3,0,2,5,0.4519774011299435,4.251952027621871,31.85210702341137,0.8465803466034837,0.8986959020795846,33.73850493062945,0.029639724761251984,19,180,44,9.473684210526315,2
179.0,16.272727272727273,0.3431603773584906,0.17570754716981132,0.20703125,0,5,0,7,0,0,3,1,1,3,0.5364238410596026,4.661026234952332,47.1875,0.8758628774156892,0.9178208658219151,40.41723968112209,0.024741917258319736,12,151,41,12.583333333333334,2
173.0,10.8125,0.33067375886524825,0.23581560283687944,0.17625,2,9,5,9,2,4,5,2,3,6,0.48523206751054854,5.282124940008192,47.4,0.8677541954354282,0.9165078624513326,41.34770217580125,0.024185140827130414,17,239,48,14.058823529411764,2
157.0,19.625,0.4098101265822785,0.18037974683544303,0.17633928571428573,1,2,0,3,0,0,2,1,0,2,0.5319148936170213,4.466185006315603,45.5758667494279,0.8724383904603586,0.9146644480642758,38.79505682185893,0.02577647983844565,9,146,37,16.22222222222222,2
172.0,17.2,0.2784090909090909,0.20196280991735538,0.1413551401869159,4,13,1,9,0,2,7,2,1,13,0.4140786749482402,6.434894520877869,46.383333333333326,0.8573305969032582,0.9154834996443398,43.31704289434789,0.02308560172122189,11,488,46,44.36363636363637,2
195.0,13.928571428571429,0.2625,0.2625,0.1404494382022472,1,14,0,10,0,0,11,1,5,10,0.5278969957081545,5.697864971728578,49.13031674208145,0.8828013958009435,0.9264921731866168,46.511120937134734,0.02150023434936384,15,255,44,17.0,2
198.0,14.142857142857142,0.28838582677165353,0.14566929133858267,0.125,1,10,0,8,0,0,3,0,2,8,0.48314606741573035,5.58237595906211,62.87639275766017,0.8698042098153443,0.9189257804401655,42.91420368105527,0.02330230819222811,15,286,43,19.066666666666666,2
170.0,11.333333333333334,0.4164438502673797,0.14037433155080214,0.18551587301587302,1,11,0,6,0,0,5,0,5,9,0.5582329317269076,6.228738937780269,87.12069462458568,0.8943391136682729,0.9346160859767442,52.21849908718744,0.01915030147324484,16,259,43,16.1875,2
151.0,6.291666666666667,0.2837301587301587,0.13690476190476192,0.11931818181818182,3,8,1,13,0,1,6,1,2,6,0.36688311688311687,4.552899746743399,32.80046118370484,0.8250096853041385,0.8898112374306423,32.74523960330412,0.03053879012994292,25,330,47,13.2,2
163.0,13.583333333333334,0.3125,0.25243506493506496,0.16594827586206898,2,13,1,13,1,1,10,5,2,8,0.447098976109215,5.41156012025678,50.93270941031808,0.8582833055921492,0.9120191951749146,40.081181915448326,0.02494936407088769,13,293,45,22.53846153846154,2
205.0,12.8125,0.34265498652291104,0.2068733153638814,0.1990343347639485,10,22,2,13,1,8,10,11,3,14,0.42184154175588867,6.446036911386331,79.46799928926795,0.8595705676109086,0.9166660600537305,43.76809870340503,0.022847691118056335,17,504,47,29.647058823529413,2
160.0,6.666666666666667,0.30416666666666664,0.2013888888888889,0.1388888888888889,2,9,2,3,1,1,2,2,0,6,0.6645569620253164,5.906711479861626,82.6844836554896,0.9192835531572989,0.948109169493485,62.72073698800034,0.015943690205542687,25,163,52,6.52,2
187.0,15.583333333333334,0.43523316062176165,0.1483160621761658,0.15078125,4,8,1,3,1,1,4,1,1,4,0.36153846153846153,5.048609861978002,38.199078014968435,0.8294733781732365,0.8953226977622887,34.98660018718162,0.028582371383612734,13,409,51,31.46153846153846,2
150.0,7.142857142857143,0.3550531914893617,0.2127659574468085,0.22596153846153846,1,21,1,16,0,1,15,1,3,15,0.5463414634146342,5.531285741237702,68.33333333333333,0.8864343463167503,0.9279034635172076,46.871653589781836,0.021334856430539992,22,220,45,10.0,2
180.0,9.473684210526315,0.36564171122994654,0.14171122994652408,0.14518633540372672,3,13,2,10,1,3,7,1,1,7,0.4629080118694362,6.008895483016493,71.43087621696802,0.8676604900102011,0.9194040697987094,43.97842285195849,0.022738423416552033,20,353,49,17.65,2
156.0,17.333333333333332,0.26715686274509803,0.25,0.1356382978723404,2,4,1,1,0,2,2,2,0,2,0.7634408602150538,5.205972583258042,80.44108727932685,0.9404492683459746,0.9593742135813287,76.11324608883919,0.013138317591037998,10,100,44,10.0,2
158.0,14.363636363636363,0.30711206896551724,0.20150862068965517,0.16666666666666666,1,10,1,9,1,1,6,2,3,7,0.5224719101123596,4.9289901420295745,51.91666666666667,0.8747180288720791,0.9186373563045204,41.36096761281917,0.02417738408252485,12,187,42,15.583333333333334,2
184.0,18.4,0.33090909090909093,0.20954545454545453,0.16063084112149534,3,15,1,9,0,2,8,2,5,9,0.41202672605790647,6.173529959460499,59.39375236130081,0.8548118978817635,0.9133025198016423,42.06283296388083,0.02377395742361661,11,478,46,43.45454545454545,2
2.0,0.13333333333333333,0.5897435897435898,0.0673076923076923,0.1875,1,1,0,0,0,1,1,1,0,1,0.5735294117647058,3.344222410278922,20.790286975717443,0.8682438573664704,0.9018678542547747,32.02513082758021,0.03122547743470246,16,70,38,4.375,2
246.0,10.695652173913043,0.395042194092827,0.10232067510548523,0.14886934673366833,4,18,0,12,1,1,12,1,3,8,0.44547563805104406,6.539545951585648,52.00755137206774,0.8666999159815274,0.9206406431628594,45.507158789660714,0.021974564587126044,24,463,59,19.291666666666668,2
178.0,14.833333333333334,0.279874213836478,0.17374213836477986,0.13613013698630136,4,4,1,4,0,1,2,1,1,2,0.3879781420765027,5.248471023777467,46.45476075555011,0.8395959528025584,0.9015237966844644,36.798531187531715,0.027174997689549785,13,368,45,28.307692307692307,2
200.0,15.384615384615385,0.2463768115942029,0.2554347826086957,0.11815068493150685,4,7,1,1,1,4,1,3,2,3,0.5843373493975904,5.323566609499982,70.12706011966608,0.8948986515427709,0.9319406717392829,48.638650820325715,0.020559780814933867,14,178,39,12.714285714285714,2
187.0,7.1923076923076925,0.3864795918367347,0.08290816326530612,0.12009803921568628,0,11,0,4,0,0,6,0,1,7,0.5596330275229358,5.842740339849024,51.119148098747075,0.8921952734124794,0.9322431487613035,49.946743832402575,0.020021325180987225,27,233,48,8.62962962962963,2
90.0,18.0,0.4431818181818182,0.07954545454545454,0.18333333333333332,0,3,0,2,0,0,2,0,1,2,0.7872340425531915,3.816258611157535,45.91150724637682,0.9378648005703524,0.9524153032602928,61.964033865689515,0.016138394123396738,5,49,35,9.8,2
167.0,20.875,0.23969072164948454,0.18685567010309279,0.12898936170212766,1,13,0,1,0,0,2,1,0,6,0.5070422535211268,5.232617097604299,34.59610559691205,0.8733214087959825,0.9193358623356634,42.322006542328836,0.02362836929765697,9,223,41,24.77777777777778,2
221.0,9.208333333333334,0.36729857819905215,0.14632701421800948,0.1136853448275862,2,18,1,8,1,1,7,2,2,7,0.3933463796477495,6.2873930332530374,60.669609710735976,0.8503833570719866,0.9114575061432115,41.682325362722345,0.023990983979370967,25,566,54,22.64,2
175.0,10.9375,0.3971518987341772,0.12974683544303797,0.20153061224489796,1,8,0,5,0,1,7,2,2,6,0.5634920634920635,4.472579597275855,48.66078692115144,0.8813960722418415,0.9199007167632396,40.7767432189344,0.024523782947326135,17,126,39,7.411764705882353,2
178.0,12.714285714285714,0.33294392523364486,0.17289719626168223,0.12985436893203883,0,8,0,14,0,2,3,1,2,5,0.5110132158590308,5.444149751781612,48.646474788041054,0.8762458964208623,0.9218759046885395,43.83652630970965,0.022812026503534866,15,228,52,15.2,2
180.0,12.0,0.3609467455621302,0.1930473372781065,0.15533088235294118,1,12,1,8,1,1,9,1,4,10,0.4025974025974026,4.996102376957357,36.00957714471228,0.8412212261866762,0.9009581604254953,36.08857560337663,0.027709600151313116,16,308,44,19.25,2
144.0,16.0,0.3911764705882353,0.16176470588235295,0.17,0,11,0,13,0,1,6,1,3,10,0.4509090909090909,5.287377765619138,42.68197653098643,0.8581944113064484,0.9113869322207708,39.608954410144364,0.02524681640532998,10,287,41,28.7,2
168.0,18.666666666666668,0.16964285714285715,0.11607142857142858,0.09210526315789473,0,1,0,0,0,0,0,0,0,0,0.7755102040816326,3.838579669298401,46.78115479115479,0.9346747488552685,0.9502849243610877,59.57604800459306,0.01678526913908261,10,52,36,5.2,2
180.0,7.826086956521739,0.38604417670682734,0.11947791164658635,0.19212962962962962,4,13,1,15,1,1,5,2,4,8,0.4339622641509434,5.910495940625537,47.71185387673957,0.8588963512758973,0.9144357991310784,41.928058672495915,0.0238503768517187,24,373,46,15.541666666666666,2
131.0,14.555555555555555,0.391156462585034,0.10629251700680271,0.14583333333333334,3,14,1,13,0,1,5,2,5,14,0.5018450184501845,5.841700202390785,49.04389148401006,0.8769280057798948,0.9237844812484888,45.51903831882929,0.02196882967947815,10,283,45,28.3,2
180.0,12.0,0.4743975903614458,0.0783132530120482,0.17291666666666666,2,3,0,3,0,2,2,3,2,4,0.5925925925925926,4.868644955601477,49.57816377171216,0.8933294937799342,0.9290706130736274,45.98529576974762,0.02174608172593011,16,144,44,9.0,2
192.0,19.2,0.3048780487804878,0.17256097560975608,0.15073529411764705,2,14,0,6,0,0,6,5,3,5,0.4587628865979381,6.38982761169787,79.75098392457511,0.8692801390141962,0.9215288123065569,45.60137453229574,0.021929163545098437,11,407,49,37.0,2
185.0,14.23076923076923,0.3121951219512195,0.19329268292682927,0.13486842105263158,4,7,1,7,0,0,4,2,8,7,0.3926247288503254,5.960917543545998,60.24815258163609,0.847572095406668,0.9088190362988765,40.23802635980705,0.024852113546972567,14,462,48,33.0,2
191.0,5.617647058823529,0.2933823529411765,0.1786764705882353,0.12957317073170732,7,18,0,10,0,4,9,7,4,9,0.4789915966386555,6.399514162231774,77.1099423631124,0.8747694260843223,0.9244596406464719,46.93530978894446,0.021305920947293895,35,380,55,10.857142857142858,2
174.0,14.5,0.3620689655172414,0.1311576354679803,0.15014792899408283,1,14,2,16,0,0,11,1,4,11,0.49554896142433236,6.432599651690733,90.94766529438385,0.8793678498507065,0.9270136132419285,48.246532314556845,0.020726878223707737,13,358,41,27.53846153846154,2
175.0,13.461538461538462,0.26420454545454547,0.20738636363636365,0.12790697674418605,3,20,0,11,2,1,6,1,3,17,0.4704225352112676,6.267398319090693,70.36351154902277,0.8715754683241751,0.9223524856308101,45.724268664635545,0.021870224045232867,14,380,43,27.142857142857142,2
147.0,21.0,0.40597826086956523,0.11467391304347826,0.1819620253164557,2,10,1,8,0,0,5,0,3,10,0.5167173252279635,6.627289992476329,85.21944323618965,0.8860847593128411,0.9311722155531797,50.88044159677342,0.01965391747039033,8,343,50,42.875,2
181.0,6.464285714285714,0.3894230769230769,0.16025641025641027,0.20103092783505155,2,13,0,7,1,0,6,1,3,6,0.586046511627907,6.076259559347193,71.9327051208833,0.9005041638670118,0.9376538890268473,53.978520477471626,0.01852588754108883,29,215,51,7.413793103448276,2
193.0,8.772727272727273,0.44326923076923075,0.1375,0.203125,0,6,0,6,0,0,5,0,4,4,0.5187165775401069,5.015750592951686,59.81439292414902,0.8745203576472688,0.9189666243524413,41.68890282735752,0.02398719880302942,23,189,42,8.217391304347826,2
190.0,9.047619047619047,0.37448979591836734,0.19846938775510203,0.19021739130434784,4,16,0,12,0,3,8,7,3,16,0.4967948717948718,6.204965959947127,88.09709832611267,0.8781860207956682,0.9256875537512773,47.145682501481375,0.021210850006648622,22,331,53,15.045454545454545,2
165.0,20.625,0.38911290322580644,0.17271505376344087,0.1875,0,17,0,7,0,0,11,1,4,12,0.4962686567164179,5.744725030116045,46.84567209440306,0.8746844063970465,0.9222080107504035,44.615253535207955,0.022413858955454637,9,268,41,29.77777777777778,2
133.0,16.625,0.3402777777777778,0.19543650793650794,0.16071428571428573,4,13,1,11,1,3,7,3,3,9,0.49411764705882355,5.5793737789026006,71.55135207394393,0.8727760135460598,0.9205264952793469,43.55517933062546,0.022959381992415734,9,256,41,28.444444444444443,2
117.0,23.4,0.26474719101123595,0.23525280898876405,0.14638157894736842,3,8,1,3,0,2,3,2,1,4,0.4492307692307692,5.726591146034973,47.309607867860294,0.8616454447713665,0.9151533488280282,41.80437118800936,0.023920943470304545,6,352,47,58.666666666666664,2
163.0,27.166666666666668,0.43612637362637363,0.1462912087912088,0.21064814814814814,2,11,1,9,2,1,6,2,1,11,0.48091603053435117,5.504335556964539,47.7055923473142,0.8685313747532768,0.9179129055480288,42.3549306407605,0.02361000206756671,7,263,41,37.57142857142857,2
164.0,14.909090909090908,0.3416030534351145,0.13263358778625955,0.11215753424657535,0,9,0,7,0,0,4,1,4,6,0.46621621621621623,5.671765062034827,45.0110775427996,0.8658949798703882,0.9171878023056553,42.43211364365299,0.02356705603680387,12,314,51,26.166666666666668,2
166.0,23.714285714285715,0.3015988372093023,0.2376453488372093,0.17768595041322313,3,12,1,14,0,2,8,2,2,11,0.5147679324894515,5.60364558853043,69.00826766113144,0.8785603890113716,0.9237925657931912,45.02698993038739,0.02220890185077927,8,239,44,29.875,2
147.0,21.0,0.3693181818181818,0.14691558441558442,0.17990654205607476,6,11,4,9,1,2,6,3,5,10,0.5084033613445378,5.546025907020678,56.662778730703266,0.8763803604727638,0.9223653737411011,44.267000733858396,0.022590190964420418,8,264,47,33.0,2
206.0,15.846153846153847,0.2956896551724138,0.2655172413793103,0.14856557377049182,6,9,0,9,0,3,3,5,1,4,0.4463667820069204,5.365692633709685,37.92579305135952,0.8576502744766905,0.9114709305481425,39.80637593280477,0.02512160367695999,14,290,46,20.714285714285715,2
200.0,12.5,0.3307522123893805,0.13938053097345132,0.11391129032258064,2,5,0,6,0,1,2,2,2,3,0.4981684981684982,5.820262698148415,64.38970588235294,0.8757785162504892,0.9230818227907548,45.157018141051246,0.02214495201778884,17,288,49,16.941176470588236,2
124.0,20.666666666666668,0.33958333333333335,0.14583333333333334,0.13274336283185842,1,6,0,2,0,1,1,1,1,4,0.4899598393574297,5.466950722368295,37.67233009708738,0.8706954340854309,0.9189286762258768,42.670209342105245,0.023435554111829498,7,272,48,38.857142857142854,2
175.0,19.444444444444443,0.18452380952380953,0.3531746031746032,0.13125,0,5,0,4,0,0,1,2,2,3,0.6014492753623188,4.996012903059422,36.64425018468357,0.8968161353469289,0.9317120265412823,47.75217231612533,0.020941455676191552,10,146,43,14.6,2
178.0,11.866666666666667,0.49558823529411766,0.06764705882352941,0.1280120481927711,2,11,0,7,1,2,6,0,2,4,0.48,5.091168824543142,50.3181508399406,0.8644838314331349,0.9138009119978262,39.96645167496791,0.025020985303689784,16,225,42,14.0625,2
170.0,10.625,0.3958333333333333,0.09027777777777778,0.15,0,9,0,5,0,0,7,0,1,5,0.40293040293040294,4.707565417620041,24.334207913771095,0.8379541848890656,0.8974796721653916,34.61657921461774,0.02888789194911912,17,273,43,16.058823529411764,2
189.0,10.5,0.3175,0.20416666666666666,0.15625,2,18,1,9,0,0,7,1,4,10,0.4767025089605735,5.630338963675112,44.401624548736464,0.8684363717253081,0.9183828351959106,42.80219279194664,0.023363288999253166,19,280,45,14.736842105263158,2
165.0,9.705882352941176,0.36657303370786515,0.18820224719101122,0.19866071428571427,2,7,0,2,0,0,5,1,2,6,0.5968992248062015,4.793810609008116,59.03389830508475,0.8938216252864262,0.9290012273497873,45.77026553167228,0.021848245545091197,18,137,41,7.611111111111111,2
160.0,26.666666666666668,0.26888489208633093,0.19784172661870503,0.17729591836734693,1,10,0,9,0,1,5,3,2,9,0.5497630331753555,5.646791648730331,45.80749101944754,0.8882130416298754,0.9293307758273333,47.87551438474744,0.02088750403731616,7,211,44,30.142857142857142,2
231.0,15.4,0.4014423076923077,0.12620192307692307,0.14207650273224043,2,18,1,13,1,2,10,1,4,14,0.4254742547425474,5.779249864583636,49.23466909736704,0.8554254375247696,0.9121127591970105,40.88407077180821,0.024459403897949282,16,391,49,24.4375,2
180.0,9.0,0.5233516483516484,0.13736263736263737,0.1864754098360656,0,5,0,3,0,0,3,0,1,3,0.5347222222222222,4.5372685126136805,33.54990925589836,0.874037948714145,0.9160328220679347,39.454845716172365,0.02534542923304613,21,151,40,7.190476190476191,2
151.0,18.875,0.41964285714285715,0.11845238095238095,0.19160583941605838,1,11,2,6,0,1,5,2,3,10,0.4827586206896552,5.813183589761798,58.35312024353121,0.871560177318786,0.9207740363390136,44.14425997031382,0.022653001787151513,9,312,54,34.666666666666664,2
198.0,13.2,0.39520958083832336,0.14146706586826346,0.17690677966101695,3,12,0,6,0,0,5,1,0,8,0.5393258426966292,6.231489442673983,92.18165458443944,0.8894920565427217,0.931935141739893,50.5597017155626,0.019778597698731942,16,269,52,16.8125,2
186.0,10.333333333333334,0.43221830985915494,0.15580985915492956,0.17067307692307693,1,12,0,10,0,0,8,0,2,10,0.48132780082987553,5.283655216621613,45.324376803389455,0.8666848105315481,0.9159332643910563,41.14157550508223,0.024306312719513373,19,261,50,13.736842105263158,2
176.0,11.733333333333333,0.24702380952380953,0.23809523809523808,0.1640625,0,10,0,6,0,0,5,0,1,6,0.559748427672956,4.990872171419195,49.329712535344015,0.8855240088708071,0.9250977378806651,44.27919035441828,0.022583972109603348,16,160,45,10.0,2
179.0,14.916666666666666,0.3125,0.21875,0.11320754716981132,3,3,0,1,0,3,1,3,0,2,0.5671641791044776,4.642438885539598,52.98589372833838,0.8842129422709448,0.922546698307824,42.3004081458913,0.023640433835793413,13,142,44,10.923076923076923,2
180.0,15.0,0.19951923076923078,0.24278846153846154,0.09701492537313433,3,5,0,3,0,0,0,2,0,2,0.5441176470588235,6.345447650272827,78.41042345276873,0.8914357329540882,0.9333322949500368,51.6357934229437,0.019366411043771486,13,299,56,23.0,2
193.0,14.846153846153847,0.31925675675675674,0.1875,0.115625,0,6,0,3,0,0,4,0,0,5,0.5274725274725275,5.031767216265208,49.15414507772021,0.87708346009673,0.9204857329625795,42.337725184683215,0.0236195968403559,14,191,42,13.642857142857142,2
180.0,13.846153846153847,0.24245689655172414,0.19935344827586207,0.11507936507936507,2,12,1,6,0,1,2,3,1,7,0.5613382899628253,6.510072264744325,93.42599717935136,0.8967897531064402,0.9367333854185089,54.20693727602098,0.018447823290735164,14,284,50,20.285714285714285,2
174.0,19.333333333333332,0.3394308943089431,0.20020325203252032,0.16532258064516128,1,7,0,6,0,0,5,0,1,6,0.4830508474576271,5.247275322020443,43.91755634638197,0.8668272775231037,0.9158404663738974,41.02816029741762,0.02437350329020094,10,237,44,23.7,2
188.0,15.666666666666666,0.30855855855855857,0.14527027027027026,0.09702797202797203,2,13,0,7,0,0,9,0,5,8,0.47289156626506024,6.092781626794713,57.442008172796264,0.8709953915665878,0.9214674323154441,44.99943869767179,0.022222499412014637,13,354,49,27.23076923076923,2
157.0,17.444444444444443,0.2610619469026549,0.2245575221238938,0.11483739837398374,1,8,0,7,0,1,3,1,3,4,0.5255474452554745,6.151375135560679,48.07017543859649,0.8853910342648443,0.9294386938536527,48.97634378238065,0.02041802067633624,10,285,44,28.5,2
192.0,12.8,0.376953125,0.109375,0.14953271028037382,1,10,0,10,0,0,5,0,1,7,0.5583333333333333,6.116235225474355,83.09805556302612,0.8936621931233338,0.9339137067314683,51.53989050854326,0.01940244711684515,16,241,47,15.0625,2
171.0,13.153846153846153,0.35020661157024796,0.1322314049586777,0.13038793103448276,3,13,2,8,3,1,7,2,2,11,0.5666666666666667,5.806605434043773,74.75555083958935,0.8937773302027222,0.933018269684252,50.33866632162641,0.019865444857254427,14,223,44,15.928571428571429,2
162.0,16.2,0.30694444444444446,0.21805555555555556,0.1171875,1,5,0,3,0,0,4,2,2,3,0.5818181818181818,6.102160571171791,70.10414803331147,0.89958570965861,0.9372063831533914,53.71374460761537,0.018617208822529627,11,231,50,21.0,2
168.0,6.461538461538462,0.325187969924812,0.20300751879699247,0.18370165745856354,0,23,0,13,0,0,11,0,4,14,0.4530386740331492,6.095011999226764,64.50181818181818,0.8656100478008655,0.9186253702605022,43.839915971513506,0.022810262698719233,27,392,49,14.518518518518519,2
201.0,11.823529411764707,0.30851063829787234,0.22606382978723405,0.16785714285714284,2,7,1,3,1,0,3,1,1,4,0.56353591160221,5.361000978521894,90.5,0.8896749936506354,0.9290820080207263,47.119843481393694,0.02122248136063678,18,190,41,10.555555555555555,2
153.0,17.0,0.3803353658536585,0.15929878048780488,0.13666666666666666,6,14,2,11,1,2,4,4,4,13,0.49828178694158076,6.010443374100167,74.07136737491433,0.8772166696754772,0.9245286659855269,46.20597317385511,0.02164222353325162,10,311,53,31.1,2
180.0,16.363636363636363,0.3822992700729927,0.19160583941605838,0.17564102564102563,4,20,1,12,3,1,10,3,3,9,0.3826086956521739,5.802548165882926,55.611358338631064,0.8433033755818765,0.9060168758256982,39.12800618552447,0.025557141737775364,12,463,54,38.583333333333336,2
171.0,10.6875,0.2629032258064516,0.16693548387096774,0.12831125827814568,5,19,3,8,3,4,4,4,1,10,0.511400651465798,6.336004351329405,51.166666666666664,0.8829020829964577,0.9286365712640439,48.90648693105234,0.02044718528668366,17,323,44,19.0,2
189.0,13.5,0.2089041095890411,0.24486301369863014,0.13419117647058823,3,2,0,3,0,1,0,1,0,1,0.6235294117647059,5.7486571321943885,85.91485793965614,0.9080261134217148,0.9410340674651962,55.83974569432637,0.017908391013707742,15,180,39,12.0,2
178.0,19.77777777777778,0.35252808988764045,0.21769662921348315,0.2181372549019608,1,13,0,9,0,0,8,2,2,10,0.5467980295566502,5.508837503538662,68.06315104166667,0.8863820111415437,0.927788535186506,46.7637742264643,0.021384073816567303,10,220,39,22.0,2
177.0,14.75,0.48722627737226276,0.10675182481751824,0.1403688524590164,3,13,1,14,2,1,10,0,6,11,0.4503105590062112,5.713800445233479,60.51531531531531,0.8618390022443521,0.9152037985965169,41.795815312200496,0.023925840243343523,13,324,47,24.923076923076923,2
200.0,9.090909090909092,0.3482142857142857,0.18948412698412698,0.17307692307692307,1,8,1,6,0,0,4,1,4,5,0.5505050505050505,5.477456093162706,61.945945945945944,0.8871238640180779,0.9280868575614882,46.85017771640844,0.02134463621575053,23,208,46,9.043478260869565,2
188.0,17.09090909090909,0.4666289592760181,0.1504524886877828,0.22278225806451613,2,12,2,9,1,3,5,2,2,7,0.44673539518900346,5.388673369882909,55.84413214459984,0.8579688167288858,0.9117469032666863,39.94420898643118,0.025034918086366268,12,291,39,24.25,2
166.0,9.764705882352942,0.3433641975308642,0.2013888888888889,0.16598360655737704,1,10,0,8,0,0,6,3,4,6,0.43944636678200694,5.282503600628914,49.20555555555555,0.8548927486560775,0.9096143257649334,39.04992090768975,0.025608246489510274,18,291,47,16.166666666666668,2
155.0,11.923076923076923,0.33643617021276595,0.2220744680851064,0.17803030303030304,1,8,0,8,0,1,4,3,1,5,0.5317919075144508,4.945950641248327,54.022466677465644,0.8774563779540439,0.9202700696300152,42.05271158514636,0.023779679414376094,14,174,42,12.428571428571429,2
165.0,11.785714285714286,0.42613636363636365,0.10898760330578512,0.16005291005291006,2,17,1,8,1,1,5,4,3,5,0.38,5.7,57.49601088792942,0.841619771804389,0.9047261580105003,38.57329701040084,0.025924670108711776,15,453,47,30.2,2
161.0,23.0,0.425414364640884,0.14709944751381215,0.18698347107438015,2,15,0,6,0,1,4,3,0,6,0.48880597014925375,5.658338187557908,56.048480383127654,0.871974365205139,0.9204050844507573,43.67083974603563,0.02289857501745838,8,285,41,35.625,1
181.0,18.1,0.44431818181818183,0.11477272727272728,0.18333333333333332,1,11,1,12,0,1,7,0,4,11,0.5974842767295597,5.327335463874421,68.20738636363637,0.8983947437013894,0.9339879869293302,49.88820841436672,0.020044816837159092,11,175,41,15.909090909090908,1
166.0,18.444444444444443,0.41424418604651164,0.14534883720930233,0.20673076923076922,1,12,1,10,1,1,11,2,3,9,0.5736040609137056,5.692857757016625,77.62169696204663,0.8947956697179238,0.9332185603416138,50.2185006508054,0.019912980018131268,9,209,44,23.22222222222222,1
190.0,13.571428571428571,0.348,0.135,0.15625,3,13,1,7,1,0,5,2,3,7,0.4036697247706422,4.214435654973066,15.663947633434038,0.8315239892074509,0.8904113153234599,31.96001043388439,0.03128910117437846,15,236,50,15.733333333333333,1
112.0,22.4,0.5260922330097088,0.12317961165048544,0.2128099173553719,5,18,3,16,4,2,12,4,9,16,0.45454545454545453,4.885042104591972,22.98946965530329,0.8551273712710529,0.9076244316848208,37.56691487047159,0.02661916751609597,6,247,39,41.166666666666664,1
156.0,8.666666666666666,0.3060747663551402,0.25817757009345793,0.1502808988764045,2,9,2,6,0,0,3,1,1,7,0.5817307692307693,5.932513087930067,68.77184092657106,0.8985023570764122,0.9360949264260247,52.58780328248284,0.01901581616992743,19,219,46,11.526315789473685,1
179.0,25.571428571428573,0.29292929292929293,0.24116161616161616,0.16071428571428573,4,4,0,7,0,0,4,3,1,6,0.5027624309392266,4.782853814171494,54.63799488853628,0.8677237823522355,0.9139259531062718,39.30031508089225,0.025445088619307242,8,182,44,22.75,1
162.0,7.043478260869565,0.3055555555555556,0.18382352941176472,0.1494140625,2,9,1,4,0,0,4,3,0,6,0.5247148288973384,6.017085938717874,57.9304166465526,0.8842637257878326,0.9283960653828908,48.14526880278616,0.020770472880652605,24,279,44,11.625,1
151.0,21.571428571428573,0.2833333333333333,0.22023809523809523,0.12995049504950495,4,8,3,10,1,1,5,1,2,7,0.5774647887323944,5.959369472271563,75.54390595009596,0.8975792041610647,0.9356517451090465,52.345738204773134,0.01910375198240714,8,232,47,29.0,1
165.0,8.68421052631579,0.40714285714285714,0.14285714285714285,0.18041237113402062,0,10,0,10,0,0,6,0,4,7,0.462882096069869,4.9530547232695765,41.50797862606595,0.858240280062483,0.9096839343482724,38.33050746678424,0.026088879748502207,20,230,43,11.5,1
171.0,11.4,0.33890374331550804,0.1497326203208556,0.15583333333333332,3,11,2,11,0,1,5,0,2,9,0.49854227405247814,6.528810338146367,53.25114155251141,0.8807641262365581,0.9280380924586038,48.95951413706004,0.020425039292680545,16,365,50,22.8125,1
138.0,15.333333333333334,0.2461734693877551,0.1798469387755102,0.13172043010752688,6,6,2,2,0,1,2,2,1,3,0.49246231155778897,4.912296129747438,22.42927746675997,0.8661824003134397,0.9137925584457209,39.55611845618927,0.02528053911830502,10,214,53,21.4,1
172.0,15.636363636363637,0.25,0.275,0.13541666666666666,2,3,0,2,0,2,0,2,0,2,0.6884057971014492,5.718328021574037,101.06114551083593,0.9242221291180075,0.9505870720457164,65.02232944536445,0.015379332123747709,12,146,45,12.166666666666666,1
160.0,14.545454545454545,0.34615384615384615,0.21153846153846154,0.1625,1,8,0,8,0,0,3,4,2,5,0.5437262357414449,6.235096298816347,68.7348460212676,0.8906510124452318,0.9325859572091121,50.95752742463129,0.019624186072981067,12,284,49,23.666666666666668,1
193.0,24.125,0.316340782122905,0.1564245810055866,0.15016778523489932,1,15,0,9,0,0,8,0,2,9,0.4393939393939394,5.644117345171042,35.551548945571376,0.8581917963653483,0.9129956545472652,40.89391520254389,0.02445351576260404,9,359,48,39.888888888888886,1
187.0,11.6875,0.34206586826347307,0.22604790419161677,0.21301020408163265,5,7,2,4,0,1,4,3,0,5,0.4517543859649123,4.823416929645724,62.26782839890768,0.8536441230620588,0.9064669886948712,37.096874703956225,0.026956448703031963,17,256,44,15.058823529411764,1
185.0,9.25,0.34558823529411764,0.25882352941176473,0.10119047619047619,4,9,1,6,1,3,8,4,2,7,0.412,4.606300033649567,25.26478375992939,0.8394026612116404,0.8975416101835192,34.38077467235373,0.029086022916293388,21,254,44,12.095238095238095,1
181.0,6.703703703703703,0.3866822429906542,0.1308411214953271,0.1857638888888889,2,14,0,8,2,0,5,1,4,7,0.624113475177305,5.240323740743641,48.118871127851634,0.9047391495359179,0.9373983540750122,51.94956654564083,0.01924943876329439,28,155,49,5.535714285714286,1
174.0,15.818181818181818,0.3548657718120805,0.13590604026845637,0.1225328947368421,1,11,1,9,0,1,6,2,2,6,0.41711229946524064,5.703924908191619,64.09063670411986,0.8524034376526075,0.9102358616824191,40.138169231007126,0.024913941496551625,12,374,43,31.166666666666668,1
171.0,17.1,0.30067567567567566,0.19256756756756757,0.15677966101694915,2,6,1,4,0,0,4,1,3,4,0.6218487394957983,4.796707554286017,51.2843559296351,0.9005971700475844,0.9330690527808388,48.078344403266115,0.02079938509554973,11,127,47,11.545454545454545,1
178.0,19.77777777777778,0.39402173913043476,0.11141304347826086,0.16428571428571428,1,5,0,6,0,0,2,1,1,3,0.5454545454545454,4.954336943068623,38.161358811040344,0.881288234144171,0.9224913503494283,43.01128398765091,0.023249712802973114,10,168,48,16.8,1
180.0,15.0,0.44829842931937175,0.10863874345549739,0.15811258278145696,0,22,0,11,0,1,10,0,7,13,0.3884297520661157,5.233000814127698,43.49531949032176,0.8395693388328417,0.9014284711128807,36.74112411793444,0.027217457930522874,13,363,44,27.923076923076923,1
187.0,11.6875,0.4747340425531915,0.1848404255319149,0.22815533980582525,1,21,1,14,1,2,13,3,2,18,0.4794520547945205,5.017094066958714,38.71974921630094,0.8635922072456793,0.9129322359392908,39.507066429280684,0.025311927469736133,17,241,44,14.176470588235293,1
175.0,21.875,0.3237704918032787,0.13319672131147542,0.1073943661971831,1,3,0,4,0,0,2,0,0,0,0.5379746835443038,4.781623578935601,46.77817531305904,0.8775442688004257,0.919458936399254,41.34224656889368,0.024188332347483268,9,162,41,18.0,1
153.0,17.0,0.36578947368421055,0.1723684210526316,0.16964285714285715,3,17,1,9,1,4,8,2,2,10,0.4567901234567901,5.813989089756057,59.4,0.8644583971096976,0.9169852285987107,42.64921907756135,0.023447088167814097,10,325,40,32.5,1
164.0,11.714285714285714,0.435,0.202,0.20559210526315788,3,7,0,4,1,2,5,1,1,6,0.6060606060606061,5.504818825631803,83.3761577207162,0.9019231030820367,0.9366869130004584,52.060634403752225,0.019208371381811782,15,182,42,12.133333333333333,1
166.0,18.444444444444443,0.4594594594594595,0.16418918918918918,0.20464601769911506,1,18,0,21,0,0,12,2,3,15,0.39636363636363636,4.647775616552307,32.621173469387756,0.8352392861760228,0.8956764892269349,34.090475619493084,0.0293337063161476,10,275,43,27.5,1
161.0,13.416666666666666,0.35071942446043164,0.06205035971223022,0.1296641791044776,0,13,0,10,0,2,6,0,3,7,0.3841642228739003,5.016249255992017,22.799284066232357,0.8359560300110869,0.8983864263842134,35.55072751334695,0.028128819575480305,13,362,44,27.846153846153847,1
137.0,15.222222222222221,0.39444444444444443,0.155,0.1814516129032258,0,21,0,13,0,0,14,0,7,11,0.4489247311827957,6.1225170521415,42.537850175351664,0.8646875477791883,0.9182368822196038,43.74241806374414,0.0228611047185992,10,389,47,38.9,1
104.0,20.8,0.3153409090909091,0.17140151515151514,0.12595419847328243,6,14,2,6,2,2,7,6,3,13,0.6259842519685039,7.054484249858105,120.24468085106383,0.9154051313845423,0.9483564924517799,65.4570940016416,0.015277182943302084,6,275,51,45.833333333333336,1
169.0,18.77777777777778,0.4763779527559055,0.19586614173228348,0.248046875,2,25,1,21,0,2,19,3,6,19,0.508,5.679612662849466,78.04079884621257,0.8773379289505365,0.9234111066210517,45.013596058032604,0.022215510147440255,10,272,52,27.2,1
191.0,7.958333333333333,0.3463740458015267,0.16603053435114504,0.11139455782312925,3,6,1,6,0,2,3,1,0,4,0.45806451612903226,5.702857235207742,42.91802700079414,0.8639003921869838,0.9162510751117863,42.14980770084601,0.02372490064717255,25,333,49,13.32,1
177.0,11.8,0.3658759124087591,0.12043795620437957,0.12409420289855072,3,12,1,6,0,2,3,3,3,8,0.46381578947368424,5.71830509485938,32.55853948086117,0.8656176161540932,0.9172261324559964,42.54298471116426,0.02350563804559714,16,321,49,20.0625,1
189.0,7.0,0.4056372549019608,0.17892156862745098,0.17229729729729729,0,22,0,6,0,0,11,2,3,7,0.5508771929824562,6.576006360179619,83.29808483850661,0.8945166711682224,0.9356434411935798,53.58656427389689,0.01866139420487386,28,300,49,10.714285714285714,1
103.0,25.75,0.32421875,0.1328125,0.09195402298850575,1,3,1,6,1,1,5,1,0,1,0.5947368421052631,5.796777689281121,79.95900521779626,0.9009655289738012,0.9370870906802947,52.98179530612554,0.018874407600234414,5,208,48,41.6,1
181.0,9.526315789473685,0.44342105263157894,0.11052631578947368,0.18269230769230768,0,8,0,3,0,0,3,0,1,3,0.5987261146496815,5.304726891041144,46.51851851851852,0.8985510113974832,0.9339934602674335,49.84027810428925,0.020064093500993932,20,166,45,8.3,1
174.0,19.333333333333332,0.26480263157894735,0.29769736842105265,0.17757009345794392,2,11,0,6,1,0,4,2,1,7,0.4517241379310345,5.439478930419968,31.30681818181818,0.8598412187884852,0.9129723888541512,40.4532693133515,0.02471988091380176,10,291,45,29.1,1
157.0,17.444444444444443,0.32142857142857145,0.19222689075630253,0.22201492537313433,4,13,2,9,1,4,6,5,1,9,0.6258992805755396,5.217913251965385,54.31783299141402,0.9050423974620483,0.9374949198918501,51.965022296751094,0.019243713478835956,10,149,42,14.9,1
170.0,18.88888888888889,0.3657635467980296,0.17549261083743842,0.16804635761589404,2,30,0,17,1,1,8,3,2,13,0.3486682808716707,5.010400804602392,31.777020250683705,0.8250778682599806,0.8929209681530469,34.43502279010338,0.0290402014860115,10,418,52,41.8,1
170.0,13.076923076923077,0.375,0.14210526315789473,0.16267123287671234,3,7,0,6,0,0,5,4,4,5,0.5364583333333334,5.256196739722236,72.10948191593353,0.8815469458876672,0.9240341873103629,44.384633316773204,0.022530320186786232,14,200,53,14.285714285714286,1
186.0,12.4,0.3475609756097561,0.10670731707317073,0.125,0,3,0,2,0,0,1,0,1,1,0.5952380952380952,4.72455591261534,34.02895419187554,0.8927287938551567,0.9280063963857869,45.0846231785748,0.022180511435997138,16,129,45,8.0625,1
163.0,23.285714285714285,0.35,0.2388888888888889,0.2556818181818182,0,2,0,1,0,0,0,2,0,0,0.648936170212766,4.448882240685784,51.67188621020513,0.9048221744747458,0.9339235070499317,47.734803324168155,0.020949075524811046,8,94,37,11.75,1
163.0,16.3,0.3895522388059702,0.17201492537313434,0.19476744186046513,5,19,1,15,2,1,8,5,4,10,0.33805668016194335,5.312977770847744,31.560471508759377,0.825145426130043,0.8946849094961753,35.472538006359954,0.02819082186396439,11,496,50,45.09090909090909,1
116.0,12.88888888888889,0.23738532110091742,0.1926605504587156,0.13625,3,5,1,4,2,4,5,2,2,4,0.5062761506276151,5.534411180330814,61.590725347207325,0.8757093880238277,0.9219499273027538,44.06176351421781,0.022695414805113757,10,243,49,24.3,1
169.0,10.5625,0.3647260273972603,0.21575342465753425,0.16898148148148148,0,5,0,1,0,0,2,0,0,5,0.5771812080536913,4.981846238726034,49.85557154605263,0.8901668850764958,0.9277453846817341,45.55954103123246,0.021949299254671362,17,150,47,8.823529411764707,1
169.0,24.142857142857142,0.28594771241830064,0.2034313725490196,0.16071428571428573,3,15,0,9,0,4,8,1,6,13,0.5018050541516246,5.905544112403015,58.2185475644813,0.8773930606905053,0.9242636391933349,45.87030340909759,0.021800597024210375,8,294,42,36.75,1
198.0,8.608695652173912,0.30357142857142855,0.16865079365079366,0.11666666666666667,0,8,0,4,0,0,3,0,1,6,0.5724907063197026,6.639411448812094,98.70222104110294,0.900306067758601,0.9390061730391588,56.118875580660216,0.017819316400284786,24,285,54,11.875,1
182.0,13.0,0.3877118644067797,0.1271186440677966,0.17559523809523808,1,16,1,12,0,0,5,2,3,11,0.5,5.873670062235366,67.80553626605744,0.8766729994673609,0.9237598523887081,45.57315787656475,0.021942741003564154,15,293,47,19.533333333333335,1
168.0,18.666666666666668,0.336734693877551,0.17772108843537415,0.1435546875,2,10,3,7,1,2,6,2,3,1,0.5016949152542373,6.093063574985376,63.12739741607424,0.8787117862561581,0.9256127488172187,46.88811204978738,0.021327367562553302,10,300,59,30.0,1
165.0,11.0,0.31644144144144143,0.15315315315315314,0.13602941176470587,0,5,0,7,0,0,2,2,2,3,0.4628975265017668,5.5063407073905015,33.31421068340935,0.8635626924834531,0.9152504056463407,41.37758946143498,0.024167671752169776,16,288,50,18.0,1
176.0,14.666666666666666,0.27184466019417475,0.1953883495145631,0.11495535714285714,0,11,0,8,0,1,8,0,6,9,0.5150375939849624,5.939703291240222,53.92073602264685,0.8811648927017288,0.9264394754698091,46.985242288437185,0.02128327856353514,13,286,49,22.0,1
176.0,11.733333333333333,0.3608490566037736,0.11949685534591195,0.13075657894736842,2,18,2,11,0,2,10,3,5,12,0.4579710144927536,6.01495720225236,51.62295990542869,0.8663569011765754,0.9187360340268884,43.72499940870212,0.02287021185873317,16,345,44,21.5625,1
189.0,18.9,0.37719298245614036,0.13157894736842105,0.11220472440944881,0,12,0,8,0,0,4,1,1,10,0.5054545454545455,5.92697991468597,68.60837374286805,0.878525018614461,0.9249541529316354,46.238089799248336,0.02162719100944037,11,287,42,26.09090909090909,1
193.0,16.083333333333332,0.29318181818181815,0.20909090909090908,0.11458333333333333,1,4,0,2,0,0,2,0,3,3,0.536,4.237452064625629,35.935618876131585,0.8708408045041894,0.9121649217913492,37.38265571233689,0.02675037342705386,13,126,42,9.692307692307692,1
170.0,5.483870967741935,0.4048582995951417,0.19180161943319837,0.21293103448275863,2,15,1,6,0,0,7,1,3,6,0.4551083591331269,5.783637643930058,38.830051813471506,0.8637474717404204,0.916490851889007,42.40400084331239,0.023582680410160206,32,324,49,10.125,1
176.0,11.733333333333333,0.43587662337662336,0.11282467532467533,0.17035398230088494,0,11,0,7,0,0,4,1,3,6,0.4142857142857143,4.901894677425396,35.02098548503952,0.8436144959933801,0.9016404857303165,36.031406100981876,0.027753565797498797,16,281,51,17.5625,1
136.0,9.714285714285714,0.39807692307692305,0.08653846153846154,0.15476190476190477,2,15,1,12,2,1,10,2,7,13,0.4714285714285714,5.578018081208209,40.25232403718459,0.8665455618502724,0.9171521576374786,42.22257184768456,0.023684014408393714,15,281,46,18.733333333333334,1
182.0,20.22222222222222,0.3016304347826087,0.14945652173913043,0.14375,0,4,0,6,0,0,4,0,2,4,0.6176470588235294,4.41088226468823,45.97979519195995,0.8958181796206978,0.9281619778824914,44.39328086652546,0.02252593141305862,10,104,43,10.4,1
186.0,13.285714285714286,0.34330985915492956,0.13380281690140844,0.1431451612903226,2,4,0,10,0,2,2,2,1,2,0.5816993464052288,5.087791359227762,45.8170731707317,0.8922953507971482,0.9294598615362101,46.705856790992044,0.021410591063022007,15,164,44,10.933333333333334,1
185.0,10.882352941176471,0.41035353535353536,0.1893939393939394,0.18198529411764705,0,7,0,1,0,0,2,3,1,2,0.54375,4.863447851062042,65.2474021428956,0.8799517575633669,0.9212686023708422,42.276119268574305,0.023654015962230098,18,162,44,9.0,1
160.0,26.666666666666668,0.26458333333333334,0.2520833333333333,0.1282051282051282,2,13,0,8,0,2,3,3,1,9,0.4627450980392157,5.225127824686562,44.04866236162361,0.8609380488018767,0.9125506613475773,39.847445670194276,0.025095711486169257,7,268,50,38.285714285714285,1
167.0,16.7,0.510670731707317,0.12652439024390244,0.2303370786516854,1,11,0,7,0,0,5,0,2,7,0.43577981651376146,4.549674854800469,24.091363653459595,0.8457388925976097,0.9004797968434624,34.905072013671116,0.02864913155338383,11,219,40,19.90909090909091,1
152.0,8.941176470588236,0.2512135922330097,0.1650485436893204,0.14970930232558138,1,5,1,6,0,1,2,0,1,2,0.6121212121212121,5.559867013888121,79.51953495729201,0.9038718765078458,0.9380107283207283,53.11604230282639,0.01882670388540579,18,178,50,9.88888888888889,1
155.0,25.833333333333332,0.5264423076923077,0.14182692307692307,0.23214285714285715,0,10,0,6,0,1,5,1,0,11,0.5625,4.5,55.18942731277534,0.8814178573489018,0.9200812409353866,40.91703991380596,0.024439695591532428,7,128,42,18.285714285714285,1
136.0,13.6,0.29545454545454547,0.22045454545454546,0.0954861111111111,2,4,0,3,0,1,2,1,0,4,0.6040268456375839,5.213560017271431,51.83538176977994,0.8992521892139006,0.9340516765645602,49.66804009835492,0.02013367143176486,11,160,45,14.545454545454545,1
181.0,5.484848484848484,0.2904929577464789,0.2323943661971831,0.1462912087912088,1,19,1,9,1,1,9,2,4,10,0.35076252723311546,5.313791813974819,31.39949892627058,0.8290688101467302,0.8966089305712901,35.85682762357078,0.027888691395070372,34,459,51,13.5,1
148.0,13.454545454545455,0.42604166666666665,0.11770833333333333,0.12195121951219512,1,12,0,10,0,1,6,0,5,10,0.5164835164835165,6.034242944403871,68.69368287167892,0.8822149519721392,0.9273280952464119,47.62465091373989,0.020997529237773295,12,292,43,24.333333333333332,1
181.0,10.647058823529411,0.3314393939393939,0.1875,0.13095238095238096,1,4,0,8,0,0,3,0,2,3,0.5733333333333334,4.965212315030781,47.293972995866866,0.8889785495866781,0.9269763617869233,45.13213685681599,0.022157160499015394,18,152,42,8.444444444444445,1
163.0,13.583333333333334,0.5166184971098265,0.1199421965317919,0.18804347826086956,3,11,2,5,1,2,4,2,2,5,0.39923954372623577,4.578217562067947,35.3477408008658,0.8352174622743901,0.8951769283436773,33.815197344856536,0.029572502262865105,13,264,42,20.307692307692307,1
177.0,16.09090909090909,0.2996987951807229,0.1897590361445783,0.16468253968253968,0,4,0,5,0,0,3,0,0,4,0.6241610738255033,5.387345351180478,66.06489110041602,0.9058049819135409,0.9385606772715009,53.12325861387349,0.018824146449081786,12,150,43,12.5,1
192.0,21.333333333333332,0.31547619047619047,0.09523809523809523,0.10096153846153846,0,4,0,6,0,0,1,0,1,3,0.544,4.300697617828996,23.036649214659686,0.8739091812897913,0.9143988232539013,38.29234980541361,0.02611487686395846,10,129,50,12.9,1
186.0,12.4,0.3104026845637584,0.20889261744966442,0.17570754716981132,1,10,1,9,0,1,7,1,2,6,0.4857142857142857,5.375872022286245,53.374036067199384,0.8687328080603414,0.9174653467592614,41.90885878836781,0.023861303526536478,16,247,43,15.4375,1
181.0,12.928571428571429,0.301056338028169,0.14788732394366197,0.11993243243243243,4,4,1,3,0,0,2,0,0,4,0.5722222222222222,5.428576649955718,79.84198645598195,0.8925028882986232,0.9309626028185128,48.307873287945306,0.02070055938996468,15,191,46,12.733333333333333,1
148.0,21.142857142857142,0.30973451327433627,0.21349557522123894,0.15353260869565216,2,16,0,10,0,2,5,3,2,12,0.5257731958762887,5.178265442181457,29.082427536231883,0.8779607714621215,0.9216709816083953,43.165285639512966,0.023166764338160954,8,210,38,26.25,1
183.0,15.25,0.3675,0.165,0.211864406779661,0,8,0,7,0,0,5,1,3,5,0.5227272727272727,4.246656438786979,38.68085106382979,0.8671468906022091,0.9101058429509101,36.75338834536576,0.027208375744928837,13,133,45,10.23076923076923,1
184.0,13.142857142857142,0.42757009345794394,0.09929906542056074,0.1364795918367347,0,9,0,2,0,0,3,0,1,8,0.4864864864864865,5.125453177063495,36.95524982514799,0.866631652453333,0.9151451181981292,40.50944231712718,0.024685602733592934,15,242,48,16.133333333333333,1
152.0,19.0,0.3106060606060606,0.17045454545454544,0.10714285714285714,1,6,1,6,0,0,3,0,3,5,0.5638297872340425,5.466532605171604,62.666666666666664,0.8905740056348849,0.9300035537342634,47.85372975782911,0.020897012731518488,9,191,45,21.22222222222222,1
154.0,15.4,0.2777777777777778,0.24845679012345678,0.1716101694915254,2,5,1,1,0,1,0,2,2,2,0.5538461538461539,4.465250445211504,39.51704545454545,0.8786103442197057,0.9182264670677931,40.098428644244926,0.024938633103856647,11,135,40,12.272727272727273,1
179.0,13.76923076923077,0.2970505617977528,0.2127808988764045,0.1545138888888889,1,11,0,9,0,1,8,1,5,8,0.4367469879518072,5.627091311370913,63.67868852459017,0.8572985415616388,0.9124550452867146,40.680277780230035,0.024581936372272857,14,335,48,23.928571428571427,1
187.0,8.5,0.49242424242424243,0.10606060606060606,0.12692307692307692,1,9,1,6,1,1,4,1,1,4,0.6357142857142857,5.318767311538052,57.02247191011236,0.9083288481569319,0.9398204082313745,53.906188841926046,0.01855074568399539,23,142,48,6.173913043478261,1
180.0,13.846153846153847,0.37004950495049505,0.12623762376237624,0.11799065420560748,5,22,3,19,3,0,18,1,6,15,0.32922535211267606,5.548204252056264,38.27902378745752,0.8248200044567117,0.8957401992144355,36.20345690186962,0.027621671673799687,14,571,43,40.785714285714285,1
159.0,22.714285714285715,0.3971518987341772,0.08860759493670886,0.1266025641025641,4,9,1,5,0,0,4,2,2,7,0.5515463917525774,5.432101983464863,41.811253557421765,0.887045302543373,0.9278662114355826,46.63691088266701,0.02144224351642592,8,197,45,24.625,1
197.0,24.625,0.2664233576642336,0.24543795620437955,0.16466346153846154,9,10,0,5,0,1,3,1,2,6,0.5221674876847291,5.26069167004593,53.23774509803921,0.877707190819863,0.9219000151715603,43.446593586835085,0.023016764202729433,9,240,51,26.666666666666668,1
132.0,16.5,0.29411764705882354,0.2027310924369748,0.17097701149425287,4,11,3,6,1,2,3,1,2,6,0.6130952380952381,5.619110673576804,86.68281938325993,0.9045202126439227,0.9385832142656128,53.665431410045095,0.018633969274545328,9,177,45,19.666666666666668,1
125.0,31.25,0.334375,0.246875,0.20833333333333334,5,11,3,11,1,1,5,4,2,7,0.4298245614035088,4.5892704767503005,42.54113475177304,0.8444788363111679,0.900086450150245,34.9106546027235,0.028644550249194888,5,235,45,47.0,1
172.0,10.75,0.44772727272727275,0.05454545454545454,0.18092105263157895,0,4,0,5,0,0,1,0,1,3,0.5652173913043478,3.8334908600273256,20.7,0.8738231899289826,0.9106126697259738,35.83692260490651,0.02790418170178172,17,92,41,5.411764705882353,1
185.0,15.416666666666666,0.36151960784313725,0.18995098039215685,0.17708333333333334,2,11,0,13,0,2,4,5,0,8,0.4212218649517685,5.252621455458296,45.35416666666667,0.8493681562720665,0.9065695374405569,38.10477764944753,0.026243428296569494,13,313,45,24.076923076923077,1
210.0,10.5,0.3335987261146497,0.20382165605095542,0.2110215053763441,1,16,0,13,0,2,13,1,4,14,0.4876847290640394,4.913287503156105,37.27213114754098,0.8648488065887667,0.9130637193450966,39.3130526259946,0.02543684433548107,21,217,45,10.333333333333334,1
141.0,23.5,0.3885135135135135,0.20270270270270271,0.16517857142857142,0,6,0,2,0,0,3,1,1,5,0.7796610169491526,4.234643242332288,54.19867496665186,0.93895922457104,0.955187813571555,66.8002235432151,0.014970009783770702,7,70,39,10.0,1
143.0,7.944444444444445,0.3696808510638298,0.26595744680851063,0.12771739130434784,0,5,0,3,0,0,2,2,1,2,0.5655737704918032,4.4172723576849116,46.42701722074871,0.8813671849417051,0.9195382499800366,40.49487523643953,0.02469448279964435,19,131,41,6.894736842105263,1
152.0,13.818181818181818,0.23549107142857142,0.14620535714285715,0.10294117647058823,1,14,1,15,1,4,0,1,0,10,0.4154929577464789,4.951170013950466,30.174373982275647,0.8445222837515661,0.9024044494336649,36.33301526718371,0.027523176720848943,12,300,46,25.0,1
189.0,11.117647058823529,0.3717948717948718,0.15865384615384615,0.16666666666666666,3,11,1,9,0,2,3,4,2,7,0.573394495412844,5.986414282632196,82.1712845145693,0.8967068742749122,0.9352392453419516,52.12830016510295,0.01918343772639349,18,233,48,12.944444444444445,1
173.0,15.727272727272727,0.3401639344262295,0.11407103825136612,0.12779329608938547,2,20,0,6,3,0,4,3,5,9,0.49710982658959535,6.538458922919467,65.66875585440921,0.8804495650880444,0.9278965492389382,48.90353413907199,0.020448419886305098,12,358,51,29.833333333333332,1
177.0,17.7,0.4089285714285714,0.11071428571428571,0.15086206896551724,0,12,0,10,0,0,8,0,4,11,0.4558303886925795,5.422274437048662,52.63245098039216,0.8608375018796938,0.913424283157982,40.567300629820096,0.024650395379398816,11,285,36,25.90909090909091,1
155.0,14.090909090909092,0.3457142857142857,0.20214285714285715,0.17784552845528456,0,10,0,8,0,0,3,3,1,6,0.5595238095238095,6.280639184941973,67.13278413934263,0.8949856869591231,0.9351215986990365,52.65405188489962,0.018991890732093588,12,264,46,22.0,1
171.0,10.058823529411764,0.3492268041237113,0.16494845360824742,0.16166666666666665,2,13,1,7,0,3,6,1,6,13,0.417910447761194,5.40867186500379,38.85347498893316,0.8499366148661464,0.9076326132221646,38.744498044202935,0.025810116286940073,18,372,52,20.666666666666668,1
47.0,2.611111111111111,0.2625,0.18055555555555555,0.1541095890410959,5,6,2,4,0,1,1,3,3,9,0.4244791666666667,5.881755867369312,39.79249559304961,0.8560000295416279,0.9128203321722067,41.32391509280174,0.024199062401379076,19,407,51,21.42105263157895,1
164.0,20.5,0.47244094488188976,0.12893700787401574,0.17255434782608695,2,13,0,15,0,0,10,0,3,11,0.5276381909547738,5.263174424729398,55.59368376623082,0.8792163882985435,0.9227550819669114,43.82469401401964,0.02281818555721341,9,201,42,22.333333333333332,1
180.0,9.473684210526315,0.36203703703703705,0.2037037037037037,0.1638349514563107,0,14,0,11,0,1,5,2,0,7,0.5,5.590169943749474,47.56909540480895,0.8744630830732545,0.9214901879457472,43.98276660788303,0.022736177760604312,20,252,45,12.6,0
185.0,14.23076923076923,0.32401315789473684,0.23519736842105263,0.1484375,2,11,1,7,1,0,8,1,2,11,0.6305732484076433,5.586893215032694,79.50954793452846,0.9088007242990529,0.9409922240025647,55.44173203664813,0.01803695453343664,14,171,43,12.214285714285714,0
180.0,7.826086956521739,0.3556851311953353,0.1956997084548105,0.1994186046511628,4,27,2,18,2,4,19,6,7,20,0.39908256880733944,5.892383514863789,50.886011616650535,0.848858009840947,0.9091977045932602,40.21147423659881,0.024868523698388597,24,436,49,18.166666666666668,0
157.0,17.444444444444443,0.39044117647058824,0.23602941176470588,0.18973214285714285,2,15,0,10,0,0,8,2,2,10,0.5657370517928287,6.337770166019816,87.05217704973688,0.8969087443499196,0.9363499649732469,53.59768783772182,0.01865752125404567,10,265,47,26.5,0
185.0,6.607142857142857,0.29790419161676646,0.18038922155688622,0.14396551724137932,1,13,0,5,0,0,7,0,1,9,0.5667870036101083,6.670290831994771,78.70970730535635,0.8990451754080798,0.9383791870212149,55.70825890610734,0.017950659734051917,29,289,46,9.96551724137931,0
178.0,12.714285714285714,0.39416666666666667,0.17916666666666667,0.1358695652173913,4,23,1,13,0,2,11,1,5,19,0.48333333333333334,5.919600211726014,37.254901960784316,0.8725321774688733,0.9216854677957346,44.74684168440537,0.022347945963491496,15,321,47,21.4,0
179.0,6.172413793103448,0.3943452380952381,0.17857142857142858,0.1810344827586207,0,7,0,7,0,0,7,0,5,9,0.42913385826771655,4.83609297631782,41.350683108438204,0.8472213624833421,0.9031305928208805,36.244165788000224,0.027590647439624107,30,269,50,8.966666666666667,0
179.0,17.9,0.35303514376996803,0.2679712460063898,0.22880116959064328,8,22,3,13,2,2,17,5,4,19,0.39577836411609496,5.44824534219111,50.43835960729105,0.8438913247901108,0.9047144776052214,38.03463322649665,0.026291827084146947,11,379,41,34.45454545454545,0
186.0,23.25,0.3797709923664122,0.11545801526717557,0.15745192307692307,1,8,1,6,0,1,7,1,3,6,0.47035573122529645,5.290195271245206,50.83360422559541,0.8636882516308382,0.9143422097246612,40.59363594795879,0.024634403315879468,9,261,44,29.0,0
156.0,19.5,0.2926470588235294,0.23529411764705882,0.16346153846153846,2,5,0,3,0,0,2,2,2,3,0.6302521008403361,4.861527926641233,47.79332129963899,0.9034058483233159,0.9350596662133002,49.476323464261185,0.020211687732261306,9,132,47,14.666666666666666,0
180.0,20.0,0.37771739130434784,0.18206521739130435,0.17829457364341086,3,13,0,12,0,3,9,2,1,7,0.4724137931034483,5.688615369981187,55.243346007604565,0.8677397272819285,0.9182422375575484,42.86911561921957,0.02332681665006564,10,307,41,30.7,0
209.0,13.0625,0.3473282442748092,0.16889312977099236,0.17057291666666666,3,12,0,3,1,0,5,2,2,6,0.5748792270531401,5.8485309274775865,88.12102511979091,0.896188919458313,0.934520233470462,51.36945656898282,0.019466820690561985,17,219,45,12.882352941176471,0
171.0,17.1,0.32710280373831774,0.19158878504672897,0.13442211055276382,1,14,0,11,0,2,4,3,1,8,0.3986636971046771,5.973307366180699,58.11547480572192,0.8494131921877427,0.9098010522722576,40.55483329825364,0.024657973382498446,11,472,47,42.90909090909091,0
178.0,8.9,0.34151785714285715,0.10193452380952381,0.09545454545454546,0,12,0,11,0,1,11,0,3,9,0.34274193548387094,5.397505397508096,37.53192043056089,0.8274769369912967,0.8962680370567645,35.975340447159944,0.027796818253013764,21,496,51,23.61904761904762,0
288.0,12.521739130434783,0.38575819672131145,0.14702868852459017,0.13495575221238937,6,20,2,15,1,6,10,4,2,14,0.5064655172413793,7.7142529305086995,93.33641618497109,0.8892000277374227,0.935291667749126,55.41413437970686,0.018045937398351,24,487,59,20.291666666666668,0
165.0,13.75,0.40987124463519314,0.11105150214592274,0.1831761006289308,3,14,1,10,0,0,8,0,4,5,0.4269340974212034,5.639733172578261,66.93934426229508,0.8546344728867462,0.9111182693767659,40.27826981042596,0.02482728291723076,13,353,45,27.153846153846153,0
163.0,9.055555555555555,0.27291666666666664,0.175,0.1056338028169014,3,12,1,16,1,0,9,4,6,10,0.506896551724138,6.103842769249888,65.09841239377752,0.8801653252631955,0.926436223475868,47.3141929531949,0.021135307136893156,19,299,47,15.736842105263158,0
172.0,12.285714285714286,0.4307228915662651,0.1566265060240964,0.1939252336448598,2,13,0,12,0,3,8,3,1,9,0.4523809523809524,5.484827557301445,40.05555555555556,0.8604346782154242,0.9134903329078724,40.72343827724981,0.024555883351299712,15,298,49,19.866666666666667,0
193.0,6.433333333333334,0.3024447949526814,0.23974763406940064,0.1566205533596838,5,23,3,13,3,7,12,7,6,14,0.3696060037523452,6.0337543345421345,56.01343022863044,0.8414725970995485,0.90604834364513,39.60527523502348,0.02524916173580045,31,574,45,18.516129032258064,0
193.0,7.423076923076923,0.3535242290748899,0.16244493392070486,0.14626288659793815,2,21,1,12,0,1,9,4,4,14,0.41975308641975306,5.973191135873606,84.5523819425523,0.8554122320500882,0.9128703612349113,41.52417007492923,0.024082359700278833,27,433,49,16.037037037037038,0
181.0,10.647058823529411,0.3198784722222222,0.2035590277777778,0.17647058823529413,5,25,0,15,0,1,13,7,6,18,0.35073068893528186,5.427833625910403,49.63934475682131,0.8302353457575062,0.8977754484483573,36.354449781962195,0.027506949107951154,18,483,51,26.833333333333332,0
178.0,13.692307692307692,0.31142857142857144,0.15785714285714286,0.125,3,14,0,8,0,2,9,1,3,10,0.44501278772378516,6.222227296713719,56.29126572908956,0.8643504891747751,0.9184022099728572,44.00095159705836,0.022726781210496684,14,395,46,28.214285714285715,0
189.0,11.8125,0.37419871794871795,0.12419871794871795,0.1291390728476821,0,16,0,10,0,0,13,0,4,11,0.5342465753424658,6.45532593109847,66.28365915298224,0.8895675562381703,0.9326070006844711,51.4047648398633,0.019453449560857077,17,292,48,17.176470588235293,0
189.0,12.6,0.3595890410958904,0.1421232876712329,0.12086092715231789,3,11,2,4,1,2,1,3,0,8,0.5273972602739726,6.372565342238233,83.519574857632,0.8872945309696177,0.9311335482809603,50.36804204007163,0.019853858905303952,16,312,48,19.5,0
260.0,20.0,0.31572164948453607,0.25,0.15544871794871795,5,9,2,6,0,3,5,3,1,7,0.6380368098159509,5.760027266465797,105.04137186121147,0.9117822264636732,0.9432719343614444,57.740634303236334,0.017318826023772143,14,178,51,12.714285714285714,0
175.0,5.833333333333333,0.38421052631578945,0.16973684210526316,0.18083756345177665,1,23,1,13,0,2,11,5,4,18,0.42206235011990406,6.094381577367105,62.43474693384004,0.8570213991565564,0.9141512617966543,42.19572849509706,0.023699081297202752,31,452,47,14.580645161290322,0
160.0,32.0,0.26666666666666666,0.125,0.08064516129032258,1,2,0,4,0,0,2,0,1,4,0.5324675324675324,5.722477893950596,53.11268736616702,0.8841997456514685,0.9273576993036882,46.9983225955739,0.0212773551219076,6,239,45,39.833333333333336,0
196.0,24.5,0.45161290322580644,0.10080645161290322,0.14622641509433962,0,5,0,2,0,0,1,0,0,2,0.6178861788617886,4.845583019281371,68.15113516367478,0.8999516686120754,0.9329063779796913,48.09859683430189,0.020790627290957524,9,135,43,15.0,0
180.0,6.666666666666667,0.225,0.186,0.10347682119205298,2,18,2,9,0,2,6,2,2,13,0.5057471264367817,6.67126278349435,43.55504376744908,0.8835107829757465,0.9299012254442042,50.23814760945663,0.019905192519713125,28,375,50,13.392857142857142,0
128.0,16.0,0.27425373134328357,0.21455223880597016,0.15227272727272728,4,7,0,7,0,0,3,3,3,4,0.4675925925925926,4.85936476567935,43.9872437357631,0.8585826010879305,0.9093403213298877,38.01002174439938,0.026308851037354267,9,237,53,26.333333333333332,0
194.0,6.689655172413793,0.30150462962962965,0.17766203703703703,0.1443850267379679,5,25,1,17,0,4,13,4,3,15,0.38636363636363635,5.4366182670680665,46.87134477622088,0.8410114637985258,0.9031955343987429,37.621669801869764,0.02658042572980907,30,421,49,14.033333333333333,0
174.0,14.5,0.4634615384615385,0.1076923076923077,0.2006172839506173,0,12,1,11,0,0,8,0,3,12,0.5752688172043011,5.547691566807775,64.18329364557033,0.8941935241460116,0.9323698516065032,49.38966761282804,0.020247149825731336,13,199,43,15.307692307692308,0
186.0,12.4,0.35322299651567945,0.18728222996515678,0.19930555555555557,9,17,8,11,3,5,9,8,3,8,0.36363636363636365,5.393598899705936,27.457117404842478,0.8338034579782052,0.8993656383011008,36.62395530536426,0.02730453310305158,16,444,48,27.75,0
170.0,18.88888888888889,0.3805309734513274,0.13163716814159293,0.14868421052631578,0,10,0,5,0,0,2,1,0,6,0.4652173913043478,4.988900724085679,43.673563218390804,0.8592792728848931,0.9104411399582814,38.64447988870148,0.025876917036535683,10,242,44,24.2,0
135.0,9.642857142857142,0.3725369458128079,0.16133004926108374,0.14926470588235294,3,17,3,8,1,0,10,1,4,11,0.42265193370165743,5.686200218790822,43.709720121028745,0.8538258150917,0.9108965655448676,40.30564094146854,0.02481042297409909,15,385,50,25.666666666666668,0
172.0,10.117647058823529,0.4137700534759358,0.10695187165775401,0.12773224043715847,3,8,0,13,0,3,7,3,6,9,0.4562841530054645,6.172497612470683,63.71111111111111,0.8670695812080088,0.919659702353858,44.40393242601436,0.022520527920949246,18,393,53,21.833333333333332,0
143.0,15.88888888888889,0.3173076923076923,0.25427350427350426,0.13295454545454546,2,19,0,10,0,2,10,5,1,9,0.5238095238095238,5.879747322073336,54.017021965713155,0.8830571556861987,0.9272753209978868,47.28317598188309,0.021149171544296384,10,267,45,26.7,0
181.0,12.928571428571429,0.37941919191919193,0.1875,0.18470149253731344,1,28,1,22,0,0,20,1,3,25,0.47017543859649125,5.612642371108719,40.719952907253884,0.8664925564206258,0.917266849326356,42.33838225587833,0.023619230275648013,15,314,42,20.933333333333334,0
291.0,9.387096774193548,0.2936851211072664,0.16868512110726644,0.14508032128514056,4,17,2,18,0,4,11,3,8,16,0.3782178217821782,6.009975206288127,47.132180064378616,0.8437985581987829,0.9071144351458736,39.849558093047385,0.02509438116390233,32,519,54,16.21875,0
178.0,16.181818181818183,0.3425925925925926,0.14814814814814814,0.18243243243243243,0,11,1,10,0,1,8,0,4,10,0.4484304932735426,4.735137238103785,36.30843825341549,0.8516781749555073,0.9048740521386651,36.455671778837065,0.027430573932819734,12,233,42,19.416666666666668,0
176.0,13.538461538461538,0.3507692307692308,0.205,0.2001231527093596,3,24,0,15,0,1,15,4,9,16,0.3959731543624161,5.919765549502262,64.16074258546524,0.8481933687851131,0.9089700335374936,40.1995521919936,0.02487589899568997,14,447,43,31.928571428571427,0
170.0,10.625,0.25,0.23084677419354838,0.1631578947368421,2,25,0,17,0,1,15,6,2,16,0.4010152284263959,5.628516949044862,53.888726279217565,0.8471047148772076,0.9071875947323598,39.08786922041606,0.02558338481847171,17,420,45,24.705882352941178,0
176.0,14.666666666666666,0.3814102564102564,0.1282051282051282,0.1766304347826087,1,12,0,12,0,1,9,3,6,8,0.46048109965635736,5.554478704340845,47.15210918114144,0.8633105446841197,0.9153226631747649,41.50520063205182,0.024093366247403797,13,304,42,23.384615384615383,0
182.0,6.275862068965517,0.26242236024844723,0.22593167701863354,0.12657232704402516,3,13,0,12,0,2,5,2,3,9,0.5154320987654321,6.560379581008524,79.90472144455177,0.8853521693939512,0.9305970138650397,50.4217435710235,0.019832713610774117,30,349,58,11.633333333333333,0
189.0,13.5,0.3805970149253731,0.15485074626865672,0.1419491525423729,1,16,1,8,1,1,10,1,5,13,0.5413793103448276,6.519070168518588,67.09102007596312,0.8917728386243359,0.9339868898123429,52.38870585637892,0.019088083655691958,15,310,46,20.666666666666668,0
157.0,15.7,0.27724358974358976,0.21634615384615385,0.17727272727272728,3,9,0,5,0,2,3,1,1,4,0.584070796460177,6.208757731331742,69.72149384187524,0.9007970473840484,0.9381874108556144,54.640863566400334,0.018301321295641423,11,246,45,22.363636363636363,0
313.0,16.473684210526315,0.28433098591549294,0.238556338028169,0.12157534246575342,1,13,0,13,0,0,8,0,3,10,0.3753501400560224,5.014823963386302,37.93717019944549,0.833286827069311,0.8970300990846216,35.25657678066811,0.028363502396191797,20,357,45,17.85,0
192.0,9.6,0.2568359375,0.2353515625,0.128,1,5,0,4,0,0,3,0,1,3,0.5141700404858299,5.714000137456264,50.603676261043034,0.8792604170326968,0.9245955708892596,45.630340947259555,0.021915242780145335,21,257,45,12.238095238095237,0
150.0,12.5,0.32263513513513514,0.14020270270270271,0.1423076923076923,1,11,1,4,1,0,4,1,1,3,0.4050632911392405,5.091566618724672,47.235722688119,0.8429895022862547,0.9024105994671042,36.65832729274274,0.027278931523915178,13,317,42,24.384615384615383,0
266.0,15.647058823529411,0.33477508650519033,0.21150519031141868,0.2457482993197279,9,14,1,22,0,5,12,6,8,14,0.36716417910447763,4.751904567110473,47.975428212636814,0.8276705053372553,0.8925517900128487,33.73845285859821,0.029639770507293762,18,345,49,19.166666666666668,0
170.0,15.454545454545455,0.3019230769230769,0.19807692307692307,0.17473118279569894,1,16,0,16,0,1,12,4,4,13,0.526829268292683,5.333739821907784,72.28164213123327,0.8796021885125374,0.9232759895660576,44.21184997779389,0.022618370425627202,12,222,44,18.5,0
175.0,15.909090909090908,0.33724489795918366,0.2010204081632653,0.12398785425101215,8,25,2,16,2,5,17,5,6,20,0.31382978723404253,5.270098307452411,39.0465683971732,0.8170647838335113,0.8905600617229436,34.6300421769669,0.028876661336125053,12,566,52,47.166666666666664,0
165.0,16.5,0.4410919540229885,0.12931034482758622,0.1673076923076923,1,7,1,6,0,0,4,1,2,6,0.5918367346938775,5.073943038622297,49.71130272332329,0.8948939878451045,0.9309185343440772,47.47999171944893,0.021061503251913506,11,156,40,14.181818181818182,0
155.0,15.5,0.37336601307189543,0.18790849673202614,0.15178571428571427,0,8,0,10,0,1,7,0,2,7,0.458041958041958,5.477385165546444,59.84974823766365,0.8619526842091515,0.9142646890463257,40.971400120441906,0.024407269389387278,11,286,40,26.0,0
182.0,14.0,0.4443430656934307,0.1259124087591241,0.13484251968503938,0,17,0,11,0,0,8,3,5,11,0.40217391304347827,4.724473745711055,38.471567267683774,0.8379349291683325,0.8975819477151701,34.67990256552506,0.02883514445032178,14,278,41,19.857142857142858,0
168.0,16.8,0.3269230769230769,0.15064102564102563,0.1448019801980198,0,9,0,9,0,0,4,1,1,6,0.5223214285714286,5.527730417759948,59.29070060837142,0.8799862166087797,0.9242848691804186,45.09187110795586,0.022176946208461137,11,242,41,22.0,0
168.0,18.666666666666668,0.3498743718592965,0.16080402010050251,0.16048387096774194,3,11,1,9,1,2,9,4,3,6,0.4101123595505618,5.471581329669788,42.74624104815979,0.8482834692053591,0.9070757599642318,38.723075857858674,0.025824394830377465,10,373,44,37.3,0
164.0,18.22222222222222,0.3488372093023256,0.16763565891472867,0.14144736842105263,0,8,0,7,1,0,3,1,1,4,0.5059288537549407,5.690294073272154,61.85949298463178,0.8768640403506835,0.9231919078267583,44.937234456013265,0.022253260844942477,10,268,46,26.8,0
167.0,16.7,0.3086734693877551,0.23469387755102042,0.13764044943820225,0,4,0,3,0,0,3,0,1,4,0.5925925925925926,5.760658398584765,57.176028429189046,0.9001767650630131,0.9365201932147662,52.510289997799404,0.019043886446673746,11,200,44,18.181818181818183,0
181.0,30.166666666666668,0.32169117647058826,0.11580882352941177,0.1223021582733813,1,11,0,13,0,0,7,2,6,8,0.3810810810810811,5.183263085761344,39.25591656638588,0.8368575928108499,0.8997875778030259,36.24749142497361,0.027588116051281416,7,370,42,52.857142857142854,0
152.0,16.88888888888889,0.36378205128205127,0.1907051282051282,0.12828947368421054,0,9,0,5,0,0,4,1,0,6,0.576271186440678,5.421238835217886,57.64393837653243,0.8935160403454004,0.9315165562186113,48.60966618224591,0.020572040059909685,10,192,41,19.2,0
181.0,8.227272727272727,0.5004370629370629,0.05812937062937063,0.16474654377880185,3,24,2,21,1,3,20,2,11,17,0.36585365853658536,5.972497945358966,55.520833333333336,0.8398473465851573,0.9049959962678653,39.20335561286403,0.02550802053464689,23,534,53,23.217391304347824,0
186.0,8.08695652173913,0.43683510638297873,0.19614361702127658,0.1910569105691057,1,5,2,5,1,1,3,2,0,4,0.5111940298507462,5.917498715232317,56.215264649165825,0.8799843288811556,0.9257178360740355,46.58547445003609,0.021465918546617384,24,286,52,11.916666666666666,0
199.0,18.09090909090909,0.3083639705882353,0.22196691176470587,0.1559633027522936,4,14,0,13,1,3,6,5,4,13,0.42535787321063395,6.651106585667225,68.78104946964599,0.8619550436159874,0.9185264056436805,44.85757865900582,0.02229277704892873,12,522,48,43.5,0
152.0,15.2,0.3932291666666667,0.15625,0.21818181818181817,0,4,0,2,0,0,2,1,0,3,0.628099173553719,4.88546503365251,59.86257488395998,0.9030280407601614,0.9349370644234949,49.455436222912866,0.020220224031442205,11,131,41,11.909090909090908,0
168.0,18.666666666666668,0.42473118279569894,0.20833333333333334,0.2980769230769231,0,11,0,4,0,0,7,2,4,8,0.5909090909090909,3.9196474795109273,36.10438750772448,0.8824986554070333,0.9166139793776352,38.104558122190284,0.02624357948971064,10,99,43,9.9,0
191.0,15.916666666666666,0.3907563025210084,0.11659663865546219,0.16527777777777777,6,4,0,2,1,1,3,1,2,4,0.5510204081632653,5.454823740581938,42.68032670911313,0.8870840308358925,0.9279767969324145,46.743739599484975,0.021393239149634022,13,221,56,17.0,0
198.0,8.25,0.30710659898477155,0.19098984771573604,0.1407142857142857,3,21,2,18,1,2,12,3,4,15,0.5014164305949008,6.661482876030585,80.8192743417024,0.8823281201465653,0.9292405942438011,49.854460252017965,0.020058385848426126,25,367,47,14.68,0
303.0,27.545454545454547,0.3576233183856502,0.14966367713004483,0.1379950495049505,3,16,1,8,0,3,11,3,7,27,0.36754176610978523,5.319841726071695,37.948419388830345,0.8342266121976958,0.8991963239118829,36.422437883230685,0.02745560314238086,12,443,49,36.916666666666664,0
180.0,9.473684210526315,0.3468045112781955,0.14661654135338345,0.14029535864978904,5,19,3,11,0,2,6,3,4,8,0.46311475409836067,7.234083716208623,100.34361306324928,0.875647627606663,0.9271571379679742,49.78043672759746,0.020088212674229437,20,518,52,25.9,0
186.0,12.4,0.36538461538461536,0.16548582995951416,0.1235,5,38,2,22,3,2,23,3,5,29,0.39517625231910947,6.487393226249289,49.44821986515376,0.8523902401097933,0.9131494632123632,42.61043155674349,0.023468431636706595,16,588,60,36.75,0
177.0,12.642857142857142,0.36486486486486486,0.1858108108108108,0.14453125,2,11,1,6,0,1,5,4,2,7,0.6259541984732825,5.0659769183647665,48.86797126092213,0.9039058227023136,0.9362248349647911,50.73353516621996,0.019710828285938817,15,143,49,9.533333333333333,0
178.0,16.181818181818183,0.33815028901734107,0.24494219653179192,0.173,3,13,1,8,1,2,6,4,0,7,0.592274678111588,6.392726553646697,101.17105263157896,0.9039110120263653,0.9404269394211326,56.72906509392498,0.017627648161384707,12,251,42,20.916666666666668,0
198.0,14.142857142857142,0.32142857142857145,0.15714285714285714,0.13358778625954199,0,5,0,6,0,0,2,1,3,2,0.3829787234042553,4.9119914061883385,25.6993006993007,0.8344088542445673,0.8969758527334237,35.00222022333109,0.028569616259183455,15,329,43,21.933333333333334,0
211.0,15.071428571428571,0.414568345323741,0.08992805755395683,0.13681102362204725,2,14,1,9,2,1,10,3,5,9,0.44525547445255476,5.211581712072242,38.688727414504925,0.8558545170679426,0.9097709478783984,38.94071456289616,0.025680062916791695,15,274,45,18.266666666666666,0
174.0,5.8,0.3610406091370558,0.1434010152284264,0.16638513513513514,2,8,1,14,2,2,5,3,1,6,0.44011976047904194,5.687600759125906,72.74391232704733,0.8587698341530748,0.9134808872274597,41.146598944557,0.024303345249687594,31,339,47,10.935483870967742,0
179.0,14.916666666666666,0.33868243243243246,0.15287162162162163,0.14919354838709678,2,12,2,11,0,0,7,0,2,6,0.5220883534136547,5.825439294326871,65.58741258741259,0.8822067975558869,0.9266188954958776,46.84016379538082,0.021349199468397584,13,265,42,20.384615384615383,0
181.0,16.454545454545453,0.3763020833333333,0.18098958333333334,0.14457831325301204,3,12,0,15,0,3,9,4,1,8,0.42424242424242425,5.969620057957092,66.18104738154614,0.8566475750437305,0.9134944970780894,41.725239130619144,0.023966309620648097,12,396,44,33.0,0
185.0,14.23076923076923,0.40701970443349755,0.1477832512315271,0.17030201342281878,2,13,0,9,0,0,8,2,7,11,0.5053763440860215,5.969005969008954,73.9649094788815,0.8788090524944768,0.9252526791551553,46.46561395655996,0.021521291011776703,14,292,44,20.857142857142858,0
218.0,13.625,0.2997881355932203,0.17796610169491525,0.16666666666666666,2,15,0,5,0,2,8,2,1,9,0.3486682808716707,5.010400804602392,35.526850415903,0.8250778682599806,0.8929209681530469,34.43502279010338,0.0290402014860115,17,416,49,24.470588235294116,0
186.0,10.333333333333334,0.36585365853658536,0.13567073170731708,0.1404109589041096,4,12,4,13,4,4,8,3,6,11,0.4838709677419355,6.024144966768741,58.96078431372549,0.8734545708241255,0.9225473054263992,45.33211776070101,0.022059415032820565,19,328,47,17.263157894736842,0
179.0,12.785714285714286,0.38461538461538464,0.12927350427350429,0.1239406779661017,0,17,0,6,0,0,5,1,1,10,0.5061728395061729,5.579393303006128,54.96225031304037,0.8760477932039911,0.9223153866389202,44.315963267847316,0.022565232170537807,15,262,46,17.466666666666665,0
183.0,10.166666666666666,0.4429347826086957,0.1403985507246377,0.1725,1,14,1,7,1,1,3,4,2,6,0.4135514018691589,6.04973545416827,54.37954868106402,0.8542737233578918,0.9125740073543507,41.5787964614131,0.02405072020129401,19,430,47,22.63157894736842,0
188.0,13.428571428571429,0.3524305555555556,0.15625,0.20224719101123595,2,11,2,6,0,0,5,4,2,7,0.6,5.770615218501404,68.07728766430739,0.9021473552986541,0.9376863409545708,53.34915413897366,0.018744439647440644,15,193,42,12.866666666666667,0
171.0,7.434782608695652,0.32006726457399104,0.1961883408071749,0.1474867724867725,2,15,1,11,0,3,7,2,1,8,0.4832904884318766,6.740126550191502,70.26433196632851,0.8780703099780843,0.9271822083052698,48.90998527550221,0.020445722777611936,24,412,51,17.166666666666668,0
185.0,14.23076923076923,0.27717391304347827,0.24565217391304348,0.12609649122807018,2,17,0,9,0,0,7,3,2,11,0.630901287553648,6.809643502797568,103.13990825688074,0.9155012626106743,0.9479400775656142,64.51029473316488,0.015501401817125752,14,252,47,18.0,0
180.0,12.0,0.33080808080808083,0.1275252525252525,0.16282894736842105,1,7,0,6,0,1,5,1,1,5,0.5535714285714286,5.073565947986823,51.505303056834435,0.8845884770800295,0.9249460727874498,44.39733442349907,0.022523874754758023,16,168,41,10.5,0
176.0,9.263157894736842,0.3383152173913043,0.17346014492753623,0.1513157894736842,7,20,1,20,0,4,13,7,6,12,0.4209445585215606,6.568623695148015,68.91897505322595,0.8601782136743756,0.9173646587960553,44.258225314551716,0.022594670095621952,20,516,51,25.8,0
245.0,16.333333333333332,0.3110632183908046,0.15876436781609196,0.14403973509933773,3,6,1,11,1,2,2,2,1,3,0.535483870967742,6.6667204298907405,72.84410646387832,0.8911223502932042,0.9340110715755183,52.688245135044745,0.018979565507200126,16,326,50,20.375,0
155.0,19.375,0.3013392857142857,0.24330357142857142,0.17073170731707318,1,4,1,3,0,1,3,1,0,3,0.6764705882352942,4.830966289896634,45.65170887632162,0.9154878689093418,0.9423441939261933,54.72554949919492,0.018273000621304155,9,102,40,11.333333333333334,0
142.0,15.777777777777779,0.34375,0.20192307692307693,0.16049382716049382,1,10,0,10,0,1,6,1,4,8,0.6357615894039735,5.524179241424986,76.50197720225881,0.9097256561167577,0.9413398783335244,55.578136832587795,0.01799268663885217,10,163,46,16.3,0
187.0,11.6875,0.2627388535031847,0.2428343949044586,0.20877659574468085,2,8,0,6,0,1,5,2,1,6,0.4978165938864629,5.326870174082375,68.4119496855346,0.871630614392218,0.91883045278847,42.328799641967244,0.023624577319895024,17,237,43,13.941176470588236,0
120.0,10.0,0.33641975308641975,0.11265432098765432,0.09735576923076923,2,8,0,5,1,1,2,3,1,3,0.47767857142857145,5.0552748264984135,47.87292418772563,0.8634764339142473,0.913068380804352,39.63891514858247,0.02522773381288567,13,231,41,17.76923076923077,0
162.0,12.461538461538462,0.34004934210526316,0.17557565789473684,0.18719211822660098,2,19,0,14,0,2,12,2,2,14,0.41277641277641275,5.8883969527553655,56.63840109773429,0.8527414351667583,0.9111663616513177,40.804507311660174,0.024507096541127527,14,430,48,30.714285714285715,0
151.0,16.77777777777778,0.37745098039215685,0.1053921568627451,0.18888888888888888,4,18,1,11,0,3,7,2,1,13,0.5353159851301115,6.208280835252867,75.04574194581603,0.8883055733126468,0.9312126933303974,50.089440856902755,0.019964287540298855,10,290,48,29.0,0
177.0,9.833333333333334,0.3865062761506276,0.10774058577405858,0.1351809954751131,0,14,0,9,0,0,11,0,7,9,0.4022222222222222,6.033333333333333,47.04394607130782,0.8509226317708939,0.9108002287039711,40.980382571387445,0.02440191958330329,19,450,52,23.68421052631579,0
192.0,14.76923076923077,0.3419894366197183,0.18089788732394366,0.15570175438596492,1,25,1,17,1,2,15,4,5,21,0.3499005964214712,5.548986617850999,35.61093939466943,0.8311886579332792,0.8988445500839488,36.849361505823,0.027137512269838876,14,503,44,35.92857142857143,0
178.0,8.476190476190476,0.4766536964980545,0.07149805447470817,0.2170608108108108,0,13,0,10,1,0,10,2,8,11,0.43986254295532645,5.305770702653941,51.84500012896237,0.8552359940417529,0.9099089304282018,39.19015109880142,0.02551661506685499,22,292,47,13.272727272727273,0
164.0,10.933333333333334,0.2757352941176471,0.2036764705882353,0.17,2,17,0,11,0,1,9,2,4,8,0.4825174825174825,5.7700698690489265,54.080000000000005,0.8711564390407038,0.9203944841207183,43.89813327657621,0.022780011935805804,16,288,46,18.0,0
211.0,21.1,0.25583870967741934,0.2209758064516129,0.15736040609137056,2,23,0,15,0,1,12,2,5,20,0.420479302832244,6.369949193149939,36.49749776986997,0.8586469368885947,0.9159436774664365,43.35986836896509,0.02306280064068995,11,483,48,43.90909090909091,0
